DATE,QUANTITY,NAME,CODECONTENT,CODETYPE
2024-06-16 21:09:38 +0300,1,"","www.xn--90azaccdibh.xn--p1ai/api/form_participation.php?user_id=77832&event_id=9711",15
2024-06-16 21:09:34 +0300,1,"","https://api.prostospb.team/api/form_participation.php?user_id=143904&event_id=9711",15
2024-06-16 21:09:32 +0300,1,"","https://api.prostospb.team/api/form_participation.php?user_id=143904&event_id=9711",15
2024-06-16 21:09:27 +0300,1,"","https://api.prostospb.team/api/form_participation.php?user_id=127489&event_id=9711",15
2024-06-16 21:09:23 +0300,1,"","xn--90azaccdibh.xn--p1ai/api/form_participation.php?user_id=156870&event_id=9711",15
2024-06-16 21:09:20 +0300,1,"","https://api.prostospb.team/api/form_participation.php?user_id=123555&event_id=9711",15
2024-06-16 21:09:15 +0300,1,"","https://api.prostospb.team/api/form_participation.php?user_id=156879&event_id=9711",15
2024-06-16 21:09:11 +0300,1,"","https://api.prostospb.team/confirm_user?verification_id=156879",15
2024-06-16 21:09:08 +0300,1,"","https://api.prostospb.team/api/form_participation.php?user_id=134227&event_id=9711",15
2024-06-16 21:09:06 +0300,1,"","https://api.prostospb.team/api/form_participation.php?user_id=134227&event_id=9711",15
2024-06-16 21:09:03 +0300,1,"","https://api.prostospb.team/api/form_participation.php?user_id=128296&event_id=9711",15
2024-06-16 21:08:59 +0300,1,"","https://api.prostospb.team/api/form_participation.php?user_id=155622&event_id=9711",15
2024-06-16 21:08:57 +0300,1,"","https://api.prostospb.team/api/form_participation.php?user_id=9738&event_id=9711",15
2024-06-16 21:08:53 +0300,1,"","https://api.prostospb.team/api/form_participation.php?user_id=144819&event_id=9711",15
2024-06-16 21:08:50 +0300,1,"","https://api.prostospb.team/api/form_participation.php?user_id=120964&event_id=9711",15
2024-06-16 21:08:47 +0300,1,"","https://api.prostospb.team/api/form_participation.php?user_id=138037&event_id=9711",15
2024-06-16 21:08:43 +0300,1,"","https://api.prostospb.team/api/form_participation.php?user_id=87141&event_id=9711",15
2024-06-16 21:08:40 +0300,1,"","https://api.prostospb.team/api/form_participation.php?user_id=138036&event_id=9711",15
2024-06-16 21:08:37 +0300,1,"","https://api.prostospb.team/api/form_participation.php?user_id=125271&event_id=9711",15
2024-06-16 21:08:32 +0300,1,"","https://api.prostospb.team/api/form_participation.php?user_id=21991&event_id=9711",15
2024-06-16 21:08:28 +0300,1,"","https://api.prostospb.team/api/form_participation.php?user_id=19202&event_id=9711",15
2024-06-16 21:08:25 +0300,1,"","https://api.prostospb.team/api/form_participation.php?user_id=34475&event_id=9711",15
2024-06-16 21:08:22 +0300,1,"","https://api.prostospb.team/api/form_participation.php?user_id=150448&event_id=9711",15
2024-06-16 21:08:16 +0300,1,"","https://api.prostospb.team/api/form_participation.php?user_id=115684&event_id=9711",15
2024-06-16 21:08:13 +0300,1,"","https://api.prostospb.team/api/form_participation.php?user_id=135444&event_id=9711",15
2024-06-16 21:08:10 +0300,1,"","www.xn--90azaccdibh.xn--p1ai/api/form_participation.php?user_id=115685&event_id=9711",15
2024-06-16 21:08:05 +0300,1,"","https://api.prostospb.team/confirm_user?verification_id=115684",15
2024-06-16 21:08:02 +0300,1,"","https://api.prostospb.team/api/form_participation.php?user_id=153643&event_id=9711",15
2024-06-16 21:07:58 +0300,1,"","https://api.prostospb.team/api/form_participation.php?user_id=20696&event_id=9711",15
2024-06-16 21:07:56 +0300,1,"","https://api.prostospb.team/api/form_participation.php?user_id=51604&event_id=9711",15
2024-06-16 21:07:53 +0300,1,"","https://api.prostospb.team/api/form_participation.php?user_id=32581&event_id=9711",15
2024-06-16 21:07:49 +0300,1,"","https://api.prostospb.team/api/form_participation.php?user_id=125759&event_id=9711",15
2024-06-16 21:07:46 +0300,1,"","https://api.prostospb.team/api/form_participation.php?user_id=131430&event_id=9711",15
2024-06-16 21:07:43 +0300,1,"","https://api.prostospb.team/api/form_participation.php?user_id=102916&event_id=9711",15
2024-06-16 21:07:40 +0300,1,"","https://api.prostospb.team/api/form_participation.php?user_id=143448&event_id=9711",15
2024-06-16 21:07:36 +0300,1,"","https://api.prostospb.team/confirm_user?verification_id=156852",15
2024-06-16 21:07:28 +0300,1,"","https://api.prostospb.team/api/form_participation.php?user_id=120155&event_id=9711",15
2024-06-16 21:07:25 +0300,1,"","https://api.prostospb.team/confirm_user?verification_id=156852",15
2024-06-16 21:07:22 +0300,1,"","https://api.prostospb.team/api/form_participation.php?user_id=149118&event_id=9711",15
2024-06-16 21:07:18 +0300,1,"","https://api.prostospb.team/api/form_participation.php?user_id=155649&event_id=9711",15
2024-06-16 21:07:14 +0300,1,"","https://api.prostospb.team/api/form_participation.php?user_id=27982&event_id=9711",15
2024-06-16 21:07:11 +0300,1,"","https://api.prostospb.team/api/form_participation.php?user_id=27850&event_id=9711",15
2024-06-16 21:07:08 +0300,1,"","https://api.prostospb.team/api/form_participation.php?user_id=117428&event_id=9711",15
2024-06-16 21:07:03 +0300,1,"","https://api.prostospb.team/api/form_participation.php?user_id=66843&event_id=9711",15
2024-06-16 21:07:00 +0300,1,"","https://api.prostospb.team/api/form_participation.php?user_id=66843&event_id=9711",15
2024-06-16 21:06:57 +0300,1,"","https://api.prostospb.team/api/form_participation.php?user_id=36685&event_id=9711",15
2024-06-16 21:06:53 +0300,1,"","https://api.prostospb.team/confirm_user?verification_id=156834",15
2024-06-16 21:06:50 +0300,1,"","https://api.prostospb.team/api/form_participation.php?user_id=156595&event_id=9711",15
2024-06-16 21:06:46 +0300,1,"","https://api.prostospb.team/api/form_participation.php?user_id=114139&event_id=9711",15
2024-06-16 21:06:42 +0300,1,"","https://api.prostospb.team/confirm_user?verification_id=114139",15
2024-06-16 21:06:38 +0300,1,"","www.xn--90azaccdibh.xn--p1ai/api/form_participation.php?user_id=52167&event_id=9711",15
2024-06-16 21:06:25 +0300,1,"","www.xn--90azaccdibh.xn--p1ai/api/form_participation.php?user_id=101524&event_id=9711",15
2024-06-16 21:06:23 +0300,1,"","https://api.prostospb.team/api/form_participation.php?user_id=73068&event_id=9711",15
2024-06-16 21:06:19 +0300,1,"","https://api.prostospb.team/api/form_participation.php?user_id=156846&event_id=9711",15
2024-06-16 21:06:15 +0300,1,"","https://api.prostospb.team/confirm_user?verification_id=156846",15
2024-06-16 21:06:11 +0300,1,"","https://api.prostospb.team/api/form_participation.php?user_id=140252&event_id=9711",15
2024-06-16 21:06:07 +0300,1,"","https://api.prostospb.team/api/form_participation.php?user_id=141088&event_id=9711",15
2024-06-16 21:06:05 +0300,1,"","https://api.prostospb.team/api/form_participation.php?user_id=139619&event_id=9711",15
2024-06-16 21:06:01 +0300,1,"","https://api.prostospb.team/api/form_participation.php?user_id=138983&event_id=9711",15
2024-06-16 21:05:58 +0300,1,"","https://api.prostospb.team/api/form_participation.php?user_id=123518&event_id=9711",15
2024-06-16 21:05:55 +0300,1,"","https://api.prostospb.team/api/form_participation.php?user_id=123518&event_id=9711",15
2024-06-16 21:05:52 +0300,1,"","https://api.prostospb.team/api/form_participation.php?user_id=156841&event_id=9711",15
2024-06-16 21:05:46 +0300,1,"","https://api.prostospb.team/confirm_user?verification_id=156841",15
2024-06-16 21:05:42 +0300,1,"","https://api.prostospb.team/api/form_participation.php?user_id=137809&event_id=9711",15
2024-06-16 21:02:29 +0300,1,"","https://api.prostospb.team/api/form_participation.php?user_id=66965&event_id=9711",15
2024-06-16 20:16:46 +0300,1,"","https://api.prostospb.team/api/form_participation.php?user_id=155059&event_id=9711",15
2024-06-16 20:02:21 +0300,1,"","https://api.prostospb.team/api/form_participation.php?user_id=123769&event_id=9711",15
2024-06-16 19:59:02 +0300,1,"","https://api.prostospb.team/api/form_participation.php?user_id=156910&event_id=9711",15
2024-06-16 19:57:51 +0300,1,"","https://api.prostospb.team/api/form_participation.php?user_id=156867&event_id=9711",15
2024-06-16 19:55:40 +0300,1,"","https://api.prostospb.team/confirm_user?verification_id=156867",15
2024-06-16 19:55:20 +0300,1,"","https://api.prostospb.team/confirm_user?verification_id=156910",15
2024-06-16 19:50:41 +0300,1,"","https://api.prostospb.team/api/form_participation.php?user_id=48333&event_id=9711",15
2024-06-16 19:44:39 +0300,1,"","https://api.prostospb.team/api/form_participation.php?user_id=96375&event_id=9711",15
2024-06-16 19:41:39 +0300,1,"","https://api.prostospb.team/api/form_participation.php?user_id=136367&event_id=9711",15
2024-06-16 19:35:51 +0300,1,"","www.xn--90azaccdibh.xn--p1ai/api/form_participation.php?user_id=47049&event_id=9711",15
2024-06-16 19:24:35 +0300,1,"","https://api.prostospb.team/api/form_participation.php?user_id=156882&event_id=9711",15
2024-06-16 19:24:09 +0300,1,"","https://api.prostospb.team/confirm_user?verification_id=156882",15
2024-06-16 19:23:27 +0300,1,"","https://api.prostospb.team/api/form_participation.php?user_id=156884&event_id=9711",15
2024-06-16 19:22:36 +0300,1,"","https://api.prostospb.team/confirm_user?verification_id=156884",15
2024-06-16 19:21:19 +0300,1,"","https://api.prostospb.team/api/form_participation.php?user_id=70894&event_id=9711",15
2024-06-16 19:18:13 +0300,1,"","https://api.prostospb.team/api/form_participation.php?user_id=156922&event_id=9711",15
2024-06-16 19:18:00 +0300,1,"","https://api.prostospb.team/confirm_user?verification_id=156922",15
2024-06-16 19:10:47 +0300,1,"","https://api.prostospb.team/api/form_participation.php?user_id=84441&event_id=9711",15
2024-06-16 19:01:07 +0300,1,"","https://api.prostospb.team/api/form_participation.php?user_id=151976&event_id=9711",15
2024-06-16 18:59:18 +0300,1,"","https://api.prostospb.team/api/form_participation.php?user_id=41240&event_id=9711",15
2024-06-16 18:57:31 +0300,1,"","https://api.prostospb.team/api/form_participation.php?user_id=140704&event_id=9711",15
2024-06-16 18:46:41 +0300,1,"","https://api.prostospb.team/api/form_participation.php?user_id=90645&event_id=9711",15
2024-06-16 18:46:39 +0300,1,"","https://api.prostospb.team/api/form_participation.php?user_id=9512&event_id=9711",15
2024-06-16 18:46:34 +0300,1,"","https://api.prostospb.team/api/form_participation.php?user_id=149286&event_id=9711",15
2024-06-16 18:46:29 +0300,1,"","https://api.prostospb.team/api/form_participation.php?user_id=149288&event_id=9711",15
2024-06-16 18:44:51 +0300,1,"","https://api.prostospb.team/api/form_participation.php?user_id=14455&event_id=9711",15
2024-06-16 18:40:11 +0300,1,"","https://api.prostospb.team/api/form_participation.php?user_id=55559&event_id=9711",15
2024-06-16 18:31:04 +0300,1,"","https://api.prostospb.team/api/form_participation.php?user_id=101572&event_id=9711",15
2024-06-16 18:29:38 +0300,1,"","https://api.prostospb.team/api/form_participation.php?user_id=31823&event_id=9711",15
2024-06-16 18:29:34 +0300,1,"","https://api.prostospb.team/api/form_participation.php?user_id=45346&event_id=9711",15
2024-06-16 18:27:45 +0300,1,"","https://api.prostospb.team/api/form_participation.php?user_id=156199&event_id=9711",15
2024-06-16 18:18:07 +0300,1,"","https://api.prostospb.team/api/form_participation.php?user_id=156918&event_id=9711",15
2024-06-16 18:17:36 +0300,1,"","https://api.prostospb.team/confirm_user?verification_id=156918",15
2024-06-16 18:14:46 +0300,1,"","https://api.prostospb.team/api/form_participation.php?user_id=156812&event_id=9711",15
2024-06-16 18:14:35 +0300,1,"","https://api.prostospb.team/api/form_participation.php?user_id=21655&event_id=9711",15
2024-06-16 18:14:16 +0300,1,"","https://api.prostospb.team/api/form_participation.php?user_id=136297&event_id=9711",15
2024-06-16 18:13:22 +0300,1,"","https://api.prostospb.team/api/form_participation.php?user_id=155680&event_id=9711",15
2024-06-16 18:12:47 +0300,1,"","https://api.prostospb.team/api/form_participation.php?user_id=156917&event_id=9711",15
2024-06-16 18:12:09 +0300,1,"","https://api.prostospb.team/confirm_user?verification_id=156917",15
2024-06-16 18:11:00 +0300,1,"","https://api.prostospb.team/confirm_user?verification_id=156812",15
2024-06-16 18:04:19 +0300,1,"","https://api.prostospb.team/api/form_participation.php?user_id=156484&event_id=9711",15
2024-06-16 18:03:33 +0300,1,"","https://api.prostospb.team/confirm_user?verification_id=156908",15
2024-06-16 18:03:11 +0300,1,"","https://api.prostospb.team/confirm_user?verification_id=156484",15
2024-06-16 17:58:31 +0300,1,"","https://api.prostospb.team/api/form_participation.php?user_id=156716&event_id=9711",15
2024-06-16 17:57:39 +0300,1,"","https://api.prostospb.team/confirm_user?verification_id=156716",15
2024-06-16 17:50:19 +0300,1,"","https://api.prostospb.team/api/form_participation.php?user_id=33080&event_id=9711",15
2024-06-16 17:50:16 +0300,1,"","https://api.prostospb.team/api/form_participation.php?user_id=9021&event_id=9711",15
2024-06-16 17:49:48 +0300,1,"","https://api.prostospb.team/confirm_user?verification_id=9021",15
2024-06-16 17:49:06 +0300,1,"","https://api.prostospb.team/api/form_participation.php?user_id=156419&event_id=9711",15
2024-06-16 17:47:44 +0300,1,"","https://api.prostospb.team/confirm_user?verification_id=156419",15
2024-06-16 17:44:10 +0300,1,"","https://api.prostospb.team/api/form_participation.php?user_id=84636&event_id=9711",15
2024-06-16 17:38:02 +0300,1,"","https://api.prostospb.team/api/form_participation.php?user_id=156470&event_id=9711",15
2024-06-16 17:36:47 +0300,1,"","https://api.prostospb.team/confirm_user?verification_id=156470",15
2024-06-16 17:26:22 +0300,1,"","https://api.prostospb.team/api/form_participation.php?user_id=118169&event_id=9711",15
2024-06-16 17:25:02 +0300,1,"","https://api.prostospb.team/api/form_participation.php?user_id=70876&event_id=9711",15
2024-06-16 17:08:40 +0300,1,"","https://api.prostospb.team/api/form_participation.php?user_id=150280&event_id=9711",15
2024-06-16 17:02:39 +0300,1,"","https://api.prostospb.team/api/form_participation.php?user_id=61484&event_id=9711",15
2024-06-16 17:01:34 +0300,1,"","https://api.prostospb.team/api/form_participation.php?user_id=144023&event_id=9711",15
2024-06-16 17:01:31 +0300,1,"","https://api.prostospb.team/api/form_participation.php?user_id=16789&event_id=9711",15
2024-06-16 16:59:36 +0300,1,"","https://api.prostospb.team/api/form_participation.php?user_id=85553&event_id=9711",15
2024-06-16 16:58:07 +0300,1,"","https://api.prostospb.team/api/form_participation.php?user_id=140484&event_id=9711",15
2024-06-16 16:52:53 +0300,1,"","https://api.prostospb.team/api/form_participation.php?user_id=117085&event_id=9711",15
2024-06-16 16:51:51 +0300,1,"","https://api.prostospb.team/api/form_participation.php?user_id=144184&event_id=9711",15
2024-06-16 16:50:47 +0300,1,"","https://api.prostospb.team/api/form_participation.php?user_id=80255&event_id=9711",15
2024-06-16 16:33:25 +0300,1,"","https://api.prostospb.team/api/form_participation.php?user_id=153575&event_id=9711",15
2024-06-16 16:31:09 +0300,1,"","https://api.prostospb.team/api/form_participation.php?user_id=117030&event_id=9711",15
2024-06-16 16:30:37 +0300,1,"","https://api.prostospb.team/api/form_participation.php?user_id=155859&event_id=9711",15
2024-06-16 16:27:36 +0300,1,"","https://api.prostospb.team/api/form_participation.php?user_id=156475&event_id=9711",15
2024-06-16 16:24:19 +0300,1,"","https://api.prostospb.team/api/form_participation.php?user_id=151693&event_id=9711",15
2024-06-16 16:24:06 +0300,1,"","https://api.prostospb.team/api/form_participation.php?user_id=144706&event_id=9711",15
2024-06-16 16:21:28 +0300,1,"","https://api.prostospb.team/api/form_participation.php?user_id=85897&event_id=9711",15
2024-06-16 16:18:27 +0300,1,"","https://api.prostospb.team/api/form_participation.php?user_id=67855&event_id=9711",15
2024-06-16 16:18:21 +0300,1,"","xn--90azaccdibh.xn--p1ai/api/form_participation.php?user_id=138354&event_id=9711",15
2024-06-16 16:18:18 +0300,1,"","https://api.prostospb.team/api/form_participation.php?user_id=105995&event_id=9711",15
2024-06-16 16:17:56 +0300,1,"","https://api.prostospb.team/api/form_participation.php?user_id=151338&event_id=9711",15
2024-06-16 16:15:39 +0300,1,"","www.xn--90azaccdibh.xn--p1ai/api/form_participation.php?user_id=49348&event_id=9711",15
2024-06-16 16:11:02 +0300,1,"","https://api.prostospb.team/api/form_participation.php?user_id=146868&event_id=9711",15
2024-06-16 16:09:56 +0300,1,"","https://api.prostospb.team/api/form_participation.php?user_id=98637&event_id=9711",15
2024-06-16 16:09:53 +0300,1,"","https://api.prostospb.team/api/form_participation.php?user_id=144604&event_id=9711",15
2024-06-16 15:49:20 +0300,1,"","https://api.prostospb.team/api/form_participation.php?user_id=97454&event_id=9711",15
2024-06-16 15:45:47 +0300,1,"","https://api.prostospb.team/api/form_participation.php?user_id=70283&event_id=9711",15
2024-06-16 15:45:02 +0300,1,"","https://api.prostospb.team/confirm_user?verification_id=70283",15
2024-06-16 15:44:59 +0300,1,"","https://api.prostospb.team/api/form_participation.php?user_id=50399&event_id=9711",15
2024-06-16 15:42:35 +0300,1,"","https://api.prostospb.team/api/form_participation.php?user_id=151706&event_id=9711",15
2024-06-16 15:36:11 +0300,1,"","https://api.prostospb.team/api/form_participation.php?user_id=156799&event_id=9711",15
2024-06-16 15:34:35 +0300,1,"","https://api.prostospb.team/api/form_participation.php?user_id=98634&event_id=9711",15
2024-06-16 15:34:13 +0300,1,"","https://api.prostospb.team/api/form_participation.php?user_id=129757&event_id=9711",15
2024-06-16 15:26:49 +0300,1,"","https://api.prostospb.team/api/form_participation.php?user_id=86108&event_id=9711",15
2024-06-16 15:26:06 +0300,1,"","https://api.prostospb.team/api/form_participation.php?user_id=154395&event_id=9711",15
2024-06-16 15:25:55 +0300,1,"","https://api.prostospb.team/api/form_participation.php?user_id=148405&event_id=9711",15
2024-06-16 15:24:30 +0300,1,"","https://api.prostospb.team/api/form_participation.php?user_id=93258&event_id=9711",15
2024-06-16 15:24:27 +0300,1,"","https://api.prostospb.team/api/form_participation.php?user_id=94023&event_id=9711",15
2024-06-16 15:24:23 +0300,1,"","https://api.prostospb.team/api/form_participation.php?user_id=111822&event_id=9711",15
2024-06-16 15:24:18 +0300,1,"","https://api.prostospb.team/api/form_participation.php?user_id=153225&event_id=9711",15
2024-06-16 15:22:41 +0300,1,"","https://api.prostospb.team/api/form_participation.php?user_id=29439&event_id=9711",15
2024-06-16 15:21:16 +0300,1,"","https://api.prostospb.team/confirm_user?verification_id=29439",15
2024-06-16 15:21:13 +0300,1,"","https://api.prostospb.team/api/form_participation.php?user_id=35873&event_id=9711",15
2024-06-16 15:21:10 +0300,1,"","https://api.prostospb.team/api/form_participation.php?user_id=57212&event_id=9711",15
2024-06-16 15:17:42 +0300,1,"","https://api.prostospb.team/api/form_participation.php?user_id=27162&event_id=9711",15
2024-06-16 15:15:20 +0300,1,"","https://api.prostospb.team/api/form_participation.php?user_id=140174&event_id=9711",15
2024-06-16 15:14:40 +0300,1,"","https://api.prostospb.team/confirm_user?verification_id=140174",15
2024-06-16 15:14:38 +0300,1,"","https://api.prostospb.team/api/form_participation.php?user_id=76795&event_id=9711",15
2024-06-16 15:10:22 +0300,1,"","https://api.prostospb.team/api/form_participation.php?user_id=26826&event_id=9711",15
2024-06-16 15:08:56 +0300,1,"","https://api.prostospb.team/api/form_participation.php?user_id=77401&event_id=9711",15
2024-06-16 15:07:47 +0300,1,"","https://api.prostospb.team/api/form_participation.php?user_id=146643&event_id=9711",15
2024-06-16 15:06:46 +0300,1,"","https://api.prostospb.team/api/form_participation.php?user_id=138798&event_id=9711",15
2024-06-16 15:06:40 +0300,1,"","https://api.prostospb.team/api/form_participation.php?user_id=29051&event_id=9711",15
2024-06-16 15:06:06 +0300,1,"","https://api.prostospb.team/api/form_participation.php?user_id=117269&event_id=9711",15
2024-06-16 15:05:31 +0300,1,"","https://api.prostospb.team/api/form_participation.php?user_id=129905&event_id=9711",15
2024-06-16 15:05:24 +0300,1,"","https://api.prostospb.team/api/form_participation.php?user_id=44019&event_id=9711",15
2024-06-16 15:05:21 +0300,1,"","https://api.prostospb.team/api/form_participation.php?user_id=47509&event_id=9711",15
2024-06-16 14:58:33 +0300,1,"","https://api.prostospb.team/api/form_participation.php?user_id=156880&event_id=9711",15
2024-06-16 14:58:17 +0300,1,"","https://api.prostospb.team/confirm_user?verification_id=156880",15
2024-06-16 14:51:09 +0300,1,"","https://api.prostospb.team/api/form_participation.php?user_id=69161&event_id=9711",15
2024-06-16 14:46:59 +0300,1,"","https://api.prostospb.team/api/form_participation.php?user_id=133296&event_id=9711",15
2024-06-16 14:45:22 +0300,1,"","https://api.prostospb.team/api/form_participation.php?user_id=156854&event_id=9711",15
2024-06-16 14:44:42 +0300,1,"","https://api.prostospb.team/api/form_participation.php?user_id=155359&event_id=9711",15
2024-06-16 14:44:30 +0300,1,"","https://api.prostospb.team/api/form_participation.php?user_id=62823&event_id=9711",15
2024-06-16 14:43:57 +0300,1,"","https://api.prostospb.team/confirm_user?verification_id=156854",15
2024-06-16 14:39:42 +0300,1,"","www.xn--90azaccdibh.xn--p1ai/api/form_participation.php?user_id=76408&event_id=9711",15
2024-06-16 14:33:46 +0300,1,"","https://api.prostospb.team/api/form_participation.php?user_id=98777&event_id=9711",15
2024-06-16 14:32:03 +0300,1,"","https://api.prostospb.team/api/form_participation.php?user_id=83315&event_id=9711",15
2024-06-16 14:31:08 +0300,1,"","https://api.prostospb.team/api/form_participation.php?user_id=83107&event_id=9711",15
2024-06-16 14:31:05 +0300,1,"","https://api.prostospb.team/api/form_participation.php?user_id=47600&event_id=9711",15
2024-06-16 14:26:49 +0300,1,"","https://api.prostospb.team/api/form_participation.php?user_id=42559&event_id=9711",15
2024-06-16 14:25:35 +0300,1,"","https://api.prostospb.team/api/form_participation.php?user_id=156344&event_id=9711",15
2024-06-16 14:24:25 +0300,1,"","https://api.prostospb.team/confirm_user?verification_id=156344",15
2024-06-16 14:17:37 +0300,1,"","https://api.prostospb.team/api/form_participation.php?user_id=132735&event_id=9711",15
2024-06-16 14:08:32 +0300,1,"","https://api.prostospb.team/api/form_participation.php?user_id=113394&event_id=9711",15
2024-06-16 14:08:10 +0300,1,"","www.xn--90azaccdibh.xn--p1ai/api/form_participation.php?user_id=113470&event_id=9711",15
2024-06-16 14:07:52 +0300,1,"","https://api.prostospb.team/confirm_user?verification_id=113394",15
2024-06-16 14:04:26 +0300,1,"","www.xn--90azaccdibh.xn--p1ai/api/form_participation.php?user_id=152293&event_id=9711",15
2024-06-16 13:59:45 +0300,1,"","www.xn--90azaccdibh.xn--p1ai/api/form_participation.php?user_id=36928&event_id=9711",15
2024-06-16 13:58:05 +0300,1,"","https://api.prostospb.team/api/form_participation.php?user_id=151563&event_id=9711",15
2024-06-16 13:54:13 +0300,1,"","https://api.prostospb.team/api/form_participation.php?user_id=61898&event_id=9711",15
2024-06-16 13:54:08 +0300,1,"","https://api.prostospb.team/api/form_participation.php?user_id=63361&event_id=9711",15
2024-06-16 13:53:01 +0300,1,"","https://api.prostospb.team/api/form_participation.php?user_id=77497&event_id=9711",15
2024-06-16 13:38:56 +0300,1,"","https://api.prostospb.team/api/form_participation.php?user_id=129717&event_id=9711",15
2024-06-16 13:37:12 +0300,1,"","https://api.prostospb.team/api/form_participation.php?user_id=146633&event_id=9711",15
2024-06-16 13:17:24 +0300,1,"","https://api.prostospb.team/api/form_participation.php?user_id=152257&event_id=9711",15
2024-06-16 13:12:59 +0300,1,"","https://api.prostospb.team/api/form_participation.php?user_id=156862&event_id=9711",15
2024-06-16 13:12:15 +0300,1,"","https://api.prostospb.team/confirm_user?verification_id=156862",15
2024-06-16 13:05:45 +0300,1,"","https://api.prostospb.team/api/form_participation.php?user_id=130141&event_id=9711",15
2024-06-16 13:05:25 +0300,1,"","https://api.prostospb.team/api/form_participation.php?user_id=154205&event_id=9711",15
2024-06-16 13:04:27 +0300,1,"","https://api.prostospb.team/api/form_participation.php?user_id=37658&event_id=9711",15
2024-06-16 13:04:24 +0300,1,"","https://api.prostospb.team/api/form_participation.php?user_id=39745&event_id=9711",15
2024-06-16 13:02:51 +0300,1,"","https://api.prostospb.team/api/form_participation.php?user_id=15813&event_id=9711",15
2024-06-16 12:58:55 +0300,1,"","https://api.prostospb.team/api/form_participation.php?user_id=155802&event_id=9711",15
2024-06-16 12:52:25 +0300,1,"","https://api.prostospb.team/api/form_participation.php?user_id=122657&event_id=9711",15
2024-06-16 12:47:02 +0300,1,"","https://api.prostospb.team/api/form_participation.php?user_id=156778&event_id=9711",15
2024-06-16 12:45:44 +0300,1,"","https://api.prostospb.team/confirm_user?verification_id=156778",15
2024-06-16 12:45:33 +0300,1,"","https://api.prostospb.team/api/form_participation.php?user_id=156395&event_id=9711",15
2024-06-16 12:42:50 +0300,1,"","https://api.prostospb.team/api/form_participation.php?user_id=151173&event_id=9711",15
2024-06-16 12:41:40 +0300,1,"","https://api.prostospb.team/api/form_participation.php?user_id=156702&event_id=9711",15
2024-06-16 12:41:36 +0300,1,"","https://api.prostospb.team/api/form_participation.php?user_id=156247&event_id=9711",15
2024-06-16 12:29:48 +0300,1,"","https://api.prostospb.team/api/form_participation.php?user_id=138420&event_id=9711",15
2024-06-16 12:28:32 +0300,1,"","https://api.prostospb.team/api/form_participation.php?user_id=83099&event_id=9711",15
2024-06-16 12:26:29 +0300,1,"","https://api.prostospb.team/api/form_participation.php?user_id=145475&event_id=9711",15
2024-06-16 12:26:08 +0300,1,"","https://api.prostospb.team/api/form_participation.php?user_id=140718&event_id=9711",15
2024-06-16 12:23:50 +0300,1,"","https://api.prostospb.team/api/form_participation.php?user_id=90676&event_id=9711",15
2024-06-16 12:23:33 +0300,1,"","https://api.prostospb.team/confirm_user?verification_id=140718",15
2024-06-16 12:20:58 +0300,1,"","https://api.prostospb.team/api/form_participation.php?user_id=153642&event_id=9711",15
2024-06-16 12:19:59 +0300,1,"","https://api.prostospb.team/api/form_participation.php?user_id=140498&event_id=9711",15
2024-06-16 12:19:26 +0300,1,"","https://api.prostospb.team/api/form_participation.php?user_id=84596&event_id=9711",15
2024-06-16 12:16:39 +0300,1,"","https://api.prostospb.team/api/form_participation.php?user_id=137974&event_id=9711",15
2024-06-16 12:16:30 +0300,1,"","www.xn--90azaccdibh.xn--p1ai/api/form_participation.php?user_id=132791&event_id=9711",15
2024-06-16 12:12:49 +0300,1,"","https://api.prostospb.team/api/form_participation.php?user_id=37451&event_id=9711",15
2024-06-16 12:01:40 +0300,1,"","https://api.prostospb.team/api/form_participation.php?user_id=156852&event_id=9711",15
2024-06-16 11:43:03 +0300,1,"","https://api.prostospb.team/api/form_participation.php?user_id=156822&event_id=9711",15
2024-06-16 11:43:00 +0300,1,"","https://api.prostospb.team/api/form_participation.php?user_id=134232&event_id=9711",15
2024-06-16 11:26:17 +0300,1,"","https://api.prostospb.team/api/form_participation.php?user_id=131771&event_id=9711",15
2024-06-16 11:25:24 +0300,1,"","https://api.prostospb.team/api/form_participation.php?user_id=90851&event_id=9711",15
2024-06-16 11:24:52 +0300,1,"","https://api.prostospb.team/api/form_participation.php?user_id=143917&event_id=9711",15
2024-06-16 11:24:37 +0300,1,"","https://api.prostospb.team/api/form_participation.php?user_id=156689&event_id=9711",15
2024-06-16 11:24:06 +0300,1,"","https://api.prostospb.team/confirm_user?verification_id=156689",15
2024-06-16 11:23:39 +0300,1,"","https://api.prostospb.team/api/form_participation.php?user_id=155498&event_id=9711",15
2024-06-16 11:17:20 +0300,1,"","https://api.prostospb.team/api/form_participation.php?user_id=101898&event_id=9711",15
2024-06-16 11:16:31 +0300,1,"","https://api.prostospb.team/api/form_participation.php?user_id=156802&event_id=9711",15
2024-06-16 11:13:15 +0300,1,"","https://api.prostospb.team/api/form_participation.php?user_id=156801&event_id=9711",15
2024-06-16 11:13:04 +0300,1,"","https://api.prostospb.team/api/form_participation.php?user_id=43859&event_id=9711",15
2024-06-16 11:12:10 +0300,1,"","https://api.prostospb.team/api/form_participation.php?user_id=156719&event_id=9711",15
2024-06-16 11:10:53 +0300,1,"","https://api.prostospb.team/confirm_user?verification_id=156719",15
2024-06-16 11:10:41 +0300,1,"","https://api.prostospb.team/api/form_participation.php?user_id=156586&event_id=9711",15
2024-06-16 11:08:19 +0300,1,"","https://api.prostospb.team/api/form_participation.php?user_id=156721&event_id=9711",15
2024-06-16 11:07:46 +0300,1,"","www.xn--90azaccdibh.xn--p1ai/api/form_participation.php?user_id=78684&event_id=9711",15
2024-06-16 11:06:49 +0300,1,"","https://api.prostospb.team/confirm_user?verification_id=156721",15
2024-06-16 11:01:08 +0300,1,"","https://xn--90azaccdibh.xn--p1ai/api/form_participation.php?user_id=119939&event_id=9711",15
2024-06-16 11:01:00 +0300,1,"","https://api.prostospb.team/api/form_participation.php?user_id=135688&event_id=9711",15
2024-06-16 11:00:51 +0300,1,"","https://api.prostospb.team/api/form_participation.php?user_id=135689&event_id=9711",15
2024-06-16 10:58:54 +0300,1,"","https://api.prostospb.team/api/form_participation.php?user_id=133891&event_id=9711",15
2024-06-16 10:57:48 +0300,1,"","https://api.prostospb.team/api/form_participation.php?user_id=139034&event_id=9711",15
2024-06-16 10:55:41 +0300,1,"","https://api.prostospb.team/api/form_participation.php?user_id=156757&event_id=9711",15
2024-06-16 10:51:07 +0300,1,"","https://api.prostospb.team/api/form_participation.php?user_id=61164&event_id=9711",15
2024-06-16 10:48:56 +0300,1,"","https://api.prostospb.team/api/form_participation.php?user_id=116175&event_id=9711",15
2024-06-16 10:48:45 +0300,1,"","https://api.prostospb.team/api/form_participation.php?user_id=131989&event_id=9711",15
2024-06-16 10:44:55 +0300,1,"","https://api.prostospb.team/api/form_participation.php?user_id=71725&event_id=9711",15
2024-06-16 10:43:38 +0300,1,"","https://xn--90azaccdibh.xn--p1ai/api/form_participation.php?user_id=124685&event_id=9711",15
2024-06-16 10:43:35 +0300,1,"","https://api.prostospb.team/api/form_participation.php?user_id=144207&event_id=9711",15
2024-06-16 10:38:33 +0300,1,"","https://api.prostospb.team/api/form_participation.php?user_id=155545&event_id=9711",15
2024-06-16 10:37:32 +0300,1,"","https://api.prostospb.team/api/form_participation.php?user_id=155090&event_id=9711",15
2024-06-16 10:37:19 +0300,1,"","https://api.prostospb.team/api/form_participation.php?user_id=82470&event_id=9711",15
2024-06-16 10:33:46 +0300,1,"","https://api.prostospb.team/api/form_participation.php?user_id=135569&event_id=9711",15
2024-06-16 10:32:35 +0300,1,"","https://api.prostospb.team/api/form_participation.php?user_id=154050&event_id=9711",15
2024-06-16 10:32:08 +0300,1,"","https://api.prostospb.team/api/form_participation.php?user_id=44422&event_id=9711",15
2024-06-16 10:30:32 +0300,1,"","https://api.prostospb.team/confirm_user?verification_id=44422",15
2024-06-16 10:29:40 +0300,1,"","https://api.prostospb.team/api/form_participation.php?user_id=38379&event_id=9711",15
2024-06-16 10:27:10 +0300,1,"","https://api.prostospb.team/api/form_participation.php?user_id=1387&event_id=9711",15
2024-06-16 10:26:52 +0300,1,"","https://api.prostospb.team/confirm_user?verification_id=1387",15
2024-06-16 10:26:47 +0300,1,"","https://api.prostospb.team/api/form_participation.php?user_id=122103&event_id=9711",15
2024-06-16 10:22:57 +0300,1,"","https://api.prostospb.team/api/form_participation.php?user_id=156710&event_id=9711",15
2024-06-16 10:18:26 +0300,1,"","https://api.prostospb.team/api/form_participation.php?user_id=154063&event_id=9711",15
2024-06-16 10:17:49 +0300,1,"","https://api.prostospb.team/api/form_participation.php?user_id=150084&event_id=9711",15
2024-06-16 10:16:26 +0300,1,"","https://api.prostospb.team/api/form_participation.php?user_id=133560&event_id=9711",15
2024-06-16 10:15:05 +0300,1,"","https://api.prostospb.team/api/form_participation.php?user_id=155922&event_id=9711",15
2024-06-16 10:14:45 +0300,1,"","https://api.prostospb.team/api/form_participation.php?user_id=138711&event_id=9711",15
2024-06-16 10:14:24 +0300,1,"","https://api.prostospb.team/api/form_participation.php?user_id=63182&event_id=9711",15
2024-06-16 10:13:50 +0300,1,"","https://api.prostospb.team/confirm_user?verification_id=155922",15
2024-06-16 10:13:42 +0300,1,"","https://api.prostospb.team/api/form_participation.php?user_id=108178&event_id=9711",15
2024-06-16 10:12:34 +0300,1,"","https://api.prostospb.team/api/form_participation.php?user_id=155428&event_id=9711",15
2024-06-16 10:12:31 +0300,1,"","https://api.prostospb.team/api/form_participation.php?user_id=133651&event_id=9711",15
2024-06-16 10:12:16 +0300,1,"","https://api.prostospb.team/api/form_participation.php?user_id=144752&event_id=9711",15
2024-06-16 10:12:14 +0300,1,"","https://api.prostospb.team/api/form_participation.php?user_id=144753&event_id=9711",15
2024-06-16 10:12:10 +0300,1,"","https://api.prostospb.team/api/form_participation.php?user_id=27967&event_id=9711",15
2024-06-16 10:05:26 +0300,1,"","https://api.prostospb.team/api/form_participation.php?user_id=152732&event_id=9711",15
2024-06-16 10:03:59 +0300,1,"","https://api.prostospb.team/api/form_participation.php?user_id=140251&event_id=9711",15
2024-06-16 10:03:02 +0300,1,"","https://api.prostospb.team/api/form_participation.php?user_id=139003&event_id=9711",15
2024-06-16 10:02:36 +0300,1,"","https://api.prostospb.team/api/form_participation.php?user_id=154951&event_id=9711",15
2024-06-16 10:02:13 +0300,1,"","https://api.prostospb.team/api/form_participation.php?user_id=60512&event_id=9711",15
2024-06-16 10:01:42 +0300,1,"","https://api.prostospb.team/api/form_participation.php?user_id=139032&event_id=9711",15
2024-06-16 10:01:23 +0300,1,"","https://api.prostospb.team/api/form_participation.php?user_id=138991&event_id=9711",15
2024-06-16 10:00:53 +0300,1,"","https://api.prostospb.team/api/form_participation.php?user_id=81624&event_id=9711",15
2024-06-16 10:00:45 +0300,1,"","https://api.prostospb.team/api/form_participation.php?user_id=154703&event_id=9711",15
2024-06-16 10:00:40 +0300,1,"","www.xn--90azaccdibh.xn--p1ai/api/form_participation.php?user_id=118101&event_id=9711",15
2024-06-16 10:00:30 +0300,1,"","www.xn--90azaccdibh.xn--p1ai/api/form_participation.php?user_id=151017&event_id=9711",15
2024-06-16 10:00:20 +0300,1,"","https://api.prostospb.team/api/form_participation.php?user_id=151170&event_id=9711",15
